display_name|website_url|source_url|primary_metro|service_area|contact_name|email|phone|evidence
Premier Grease|https://www.premiergrease.com/|https://www.premiergrease.com/hood-cleaning-atlanta.html|Atlanta|Atlanta and nearby north Georgia commercial kitchens||info@premiergrease.com|1-800-880-1142|Commercial kitchen hood cleaning and kitchen exhaust cleaning company serving Atlanta restaurants; NFPA 96 service, grease ducts, exhaust fans, filter exchange, and free quote route.
Southeast Hood Cleaning Atlanta|https://southeasthoodcleaningatlanta.com/|https://southeasthoodcleaningatlanta.com/contact-us/|Atlanta|Atlanta and nearby north Georgia commercial kitchens||info@southeasthoodcleaningatlanta.com|470-720-5160|Local restaurant hood cleaning company in Atlanta with commercial kitchen hood cleaning, kitchen exhaust cleaning, inspection-ready service, and instant quote route.
Resilient Sources|https://resilientsources.com/|https://resilientsources.com/|Atlanta|Atlanta restaurants and commercial kitchens||support@resilientsources.com|229-800-3913|Atlanta exhaust hood cleaning and commercial kitchen hood cleaning operator serving restaurants and kitchens; request quote route, kitchen safety focus, and hood cleaning service line.
TruShine Services|https://trushineservice.com/|https://trushineservice.com/services/hood-cleaning/|Atlanta|Atlanta, Johns Creek, Milton, and Mableton commercial kitchens||info@trushineservice.com|678-751-8871|Commercial kitchen hood cleaning and kitchen exhaust cleaning service for Atlanta restaurants; NFPA 96 standards, hoods, vents, ductwork, and free quote route.
EnviroClean Systems|https://useenviroclean.com/|https://useenviroclean.com/hoods/commercial-hood-cleaning-in-orlando/|Orlando|Orlando and nearby central Florida commercial kitchens||info@envirocleansystemsinc.com|407-606-6966|Professional hood cleaning company serving Orlando restaurants, cafeterias, hotels, and commercial kitchens; kitchen exhaust cleaning, free quote route, and inspection-ready service.
Capital Hood Cleaning|https://www.capitalhoodcleaning.com/|https://www.capitalhoodcleaning.com/contact-us/|Sacramento|Sacramento and nearby commercial kitchens||services@capitalhoodcleaning.com|916-835-8107|Local Sacramento commercial kitchen exhaust hood cleaning company with hood, duct, and exhaust fan cleaning; NFPA 96, free estimate route, and restaurant-focused scheduling.
Rujo Hood Cleaning|https://www.rujohoodcleaning.com/|https://www.rujohoodcleaning.com/hood-cleaning|Houston|Houston and nearby commercial kitchens||info@rujohoodcleaning.com|832-639-4115|Houston commercial kitchen hood cleaning company serving restaurants and cafeterias; kitchen exhaust cleaning, filters, ducts, exhaust fans, NFPA 96, and free quote route.
Ecoclean LLC|https://www.ecocleanusa.com/|https://www.ecocleanusa.com/contact-us.html|Houston|Houston, Katy, Sugar Land, and nearby commercial kitchens||service@ecocleanusa.com|281-599-7444|Houston restaurant hood cleaning and hood vent cleaning operator; kitchen exhaust systems cleaning, ducts, filters, commercial kitchen service, and free quote route.
CKS Solutions LA|https://www.cksolutionsla.com/|https://www.cksolutionsla.com/|Los Angeles|Los Angeles, Orange County, Ventura, and nearby commercial kitchens||cksolutionsla@gmail.com|323-450-6561|Family-owned commercial kitchen specialist with exhaust hood cleaning and certification for Los Angeles kitchens; hood cleaning, ventilation service, and free estimate route.
Icon Fire Prevention|https://iconfireprevention.com/|https://iconfireprevention.com/exhaust-cleaning/|Los Angeles|Los Angeles and nearby Southern California commercial kitchens||hoodcleaning@iconfireprevention.net|323-849-7726|Los Angeles commercial kitchen hood cleaning company focused on kitchen exhaust cleaning, ducts, exhaust systems, bare-metal cleanings, and quote-driven service.
Alpha Fire Control|https://alphafirecontrol.com/|https://alphafirecontrol.com/contact/|Oakland|Oakland, Pleasanton, and East Bay commercial kitchens|Oscar|oscar@alphafirecontrol.com|925-789-0425|East Bay fire protection and commercial hood cleaning company serving restaurant kitchens; NFPA 96 service, inspection-ready route, and direct owner contact path.
Bay Area Hood Cleaning|https://bayareahoodcleaning.com/|https://bayareahoodcleaning.com/contact|San Francisco|San Francisco, South San Francisco, San Jose, and Concord commercial kitchens||office@bayareahoodcleaning.com|415-212-9858|San Francisco Bay Area commercial kitchen hood cleaning company covering restaurant hood cleaning, kitchen exhaust cleaning, office contact route, and quote-ready service.
Restaurant Exhaust Cleaning Specialists|https://hoodcleaning-oregon.com/|https://hoodcleaning-oregon.com/|Portland|Portland and nearby northwest Oregon commercial kitchens||gradye@msn.com|503-316-9799|Portland restaurant exhaust cleaning specialist with commercial kitchen hood cleaning, kitchen exhaust cleaning, hood system service, and local quote route.
Hotshot Hood Cleaning|https://www.hotshot-restaurant-hood-cleaning.com/|https://www.hotshot-restaurant-hood-cleaning.com/contact-us/|Portland|Portland, Salem, and Vancouver commercial kitchens||estimates@hotshot-restaurant-hood-cleaning.com|503-636-3432|Portland hood cleaning company serving restaurant kitchens with kitchen exhaust system cleaning, inspection-focused service, and bid or inspection route.
Professional Commercial Clean|https://procomclean.com/|https://procomclean.com/contact/|Minneapolis|Minneapolis, St. Paul, and nearby Hennepin County commercial kitchens|Joe Cox|sales@procomclean.com|612-200-2540|Commercial exhaust hood inspection, maintenance, and cleaning company serving Minneapolis restaurants; NFPA 96 technician route, hood cleaning, and free consultation.
AFT Hood & Carpet Cleaning|https://www.afthoodandcarpetcleaning.com/|https://www.afthoodandcarpetcleaning.com/restaurant-cleaning|Cheyenne|Cheyenne and nearby southern Wyoming commercial kitchens||info@afthoodandcarpetcleaning.com|307-635-3273|Family-owned Cheyenne operator handling restaurant hood cleaning, kitchen exhaust systems, equipment cleaning, fire compliance support, and free estimates.
Hood Safe LLC|https://hoodsafe.us/|https://hoodsafe.us/hood-cleaning-detroit-mi/|Detroit|Detroit and nearby metro Detroit commercial kitchens||service@hoodsafe.us|989-264-0767|Detroit hood cleaning company providing commercial kitchen hood cleaning, vent hood cleaning, grease duct cleaning, exhaust fan cleaning, NFPA 96 service, and free quote route.
King Hood Cleaning|https://kinghoodcleaning.com/|https://kinghoodcleaning.com/service|Jacksonville|Jacksonville and nearby northeast Florida commercial kitchens|Donnie|donnie@kinghoodcleaning.com|904-401-4305|Jacksonville kitchen hood and exhaust cleaning company for restaurants and commercial kitchens; NFPA 96 proof-of-cleaning route, inspection sticker, and local service team.
Phx Hood Cleaning|https://phxhoodcleaning.com/|https://phxhoodcleaning.com/about/|Phoenix|Phoenix and nearby metro commercial kitchens||office@phxhoodcleaning.com|602-922-0777|Phoenix hood cleaning service with commercial kitchen hood cleaning, NFPA 96 trained technicians, kitchen exhaust cleaning, ducts, filters, and inspection-ready support.
Amazing Hood RG Cleaning|https://amazinghoodcleaning.com/|https://amazinghoodcleaning.com/estimates/|Denver|Denver, Aurora, Lakewood, and nearby metro commercial kitchens||amazinghoodrgcleaning@gmail.com|720-256-4079|Denver commercial kitchen cleaning company specializing in hood cleaning, filters, ducts, fans, NFPA 96 compliance, and free estimate route.
A&S Hood Exhaust Cleaning LLC|https://aandshoodexhaustcleaningllc.com/|https://aandshoodexhaustcleaningllc.com/services|Phoenix|Phoenix and nearby metro commercial kitchens|Alex|alex@anshoodexhaust.cleaning|602-692-2861|Phoenix commercial hood cleaning specialist with full hood and exhaust cleaning, filters, ducts, fans, NFPA 96 compliance, and free estimate route.
Mr Hood Repair|https://mrhoodrepair.com/|https://mrhoodrepair.com/|Miami|Miami, Fort Lauderdale, and Palm Beach County commercial kitchens||miamihoodcleaningllc@gmail.com|954-310-4235|South Florida hood cleaning, inspection, and repair specialist for commercial kitchens; hood and duct cleaning, NFPA 96 compliance, photo reports, and free quote route.
FirePro Tech LLC|https://fireprotechllc.com/|https://fireprotechllc.com/services/kitchen-hood-cleaning-services/|Houston|Houston, Pearland, Pasadena, and nearby commercial kitchens||sales@fireprotechllc.com|832-674-7896|Houston commercial kitchen hood cleaning service with inspection, suppression support, kitchen hood cleaning, exhaust safety, and direct sales contact route.
Badger Vent Hood Cleaning|https://badgerventhoodcleaning.com/|https://badgerventhoodcleaning.com/contact/|Milwaukee|Milwaukee and nearby Wisconsin commercial kitchens|Steve|Steve@BadgerMobileWashLLC.com|715-433-1050|Family-owned vent hood cleaning company serving Wisconsin restaurants with commercial kitchen hood cleaning, inspection-ready hygiene, direct owner email, and quote route.
Bravvis|https://www.bravvisusa.com/|https://www.bravvisusa.com/|Denver|Denver, Aurora, Lakewood, and Colorado Springs commercial kitchens||contact@bravvisusa.com|720-675-9678|Denver commercial kitchen hood cleaning and kitchen exhaust cleaning company serving restaurants and hotels; hood system cleaning, ducts, filters, exhaust fans, NFPA 96 compliance, and free quote route.
